trimestre,pib_real_yoy,umbral_pib_mediana40,ipc_yoy,umbral_ipc_mediana40,caja_principal,caja_alternativa_media40,cerca_umbral
1958Q1,-2.872,3.685,3.456,1.414,4,4,0
1958Q2,-2.020,3.685,3.272,1.414,4,4,0
1958Q3,-0.726,3.407,2.300,1.414,4,4,0
1958Q4,2.657,3.145,1.913,1.414,4,3,1
1959Q1,7.415,3.061,0.893,1.414,1,1,1
1959Q2,9.119,3.145,0.392,1.348,1,1,0
1959Q3,6.726,3.407,0.968,1.348,1,1,1
1959Q4,4.585,3.685,1.474,1.348,2,1,1
1960Q1,4.924,4.179,1.391,1.459,1,1,1
1960Q2,2.059,4.754,1.825,1.459,4,3,1
1960Q3,2.488,4.091,1.359,1.650,3,3,1
1960Q4,0.885,3.407,1.396,1.459,3,3,1
1961Q1,-0.668,3.145,1.508,1.420,4,3,1
1961Q2,1.566,3.061,0.868,1.420,3,3,0
1961Q3,3.012,2.889,1.205,1.394,1,3,1
1961Q4,6.397,2.870,0.705,1.375,1,1,0
1962Q1,7.569,2.870,0.894,1.305,1,1,0
1962Q2,6.730,2.870,1.307,1.229,2,1,1
1962Q3,6.007,2.870,1.202,1.229,1,1,1
1962Q4,4.310,3.031,1.300,1.204,2,1,1
1963Q1,3.601,3.031,1.229,1.204,2,1,1
1963Q2,3.825,3.031,1.037,1.217,1,1,1
1963Q3,4.819,3.031,1.364,1.217,2,2,1
1963Q4,5.160,3.031,1.393,1.241,2,2,1
1964Q1,6.217,3.061,1.487,1.276,2,2,1
1964Q2,6.182,3.145,1.463,1.304,2,2,1
1964Q3,5.521,3.409,1.074,1.333,1,1,0
1964Q4,5.158,3.713,1.266,1.333,1,1,1
1965Q1,5.478,4.067,1.164,1.333,1,1,1
1965Q2,5.660,4.067,1.646,1.333,2,2,0
1965Q3,6.347,4.067,1.718,1.361,2,2,0
1965Q4,8.462,4.067,1.785,1.377,2,2,0
1966Q1,8.477,4.067,2.418,1.392,2,2,0
1966Q2,7.489,4.447,2.689,1.395,2,2,0
1966Q3,6.042,4.702,3.272,1.429,2,2,0
1966Q4,4.504,4.871,3.570,1.429,4,2,1
1967Q1,2.925,4.871,2.871,1.429,4,4,0
1967Q2,2.638,4.871,2.567,1.429,4,4,0
1967Q3,2.739,4.871,2.708,1.429,4,4,0
1967Q4,2.671,4.871,2.990,1.429,4,4,0
1968Q1,3.845,4.871,3.741,1.429,4,4,0
1968Q2,5.515,4.871,4.121,1.429,2,2,0
1968Q3,5.335,5.041,4.478,1.429,2,2,1
1968Q4,4.958,5.159,4.626,1.429,4,2,1
1969Q1,4.469,5.159,4.873,1.429,4,4,0
1969Q2,3.065,5.058,5.502,1.469,4,4,0
1969Q3,2.948,4.941,5.524,1.481,4,4,0
1969Q4,2.044,4.871,5.833,1.498,4,4,0
1970Q1,0.323,4.871,6.227,1.577,4,4,0
1970Q2,0.161,4.662,6.038,1.682,4,4,0
1970Q3,0.421,4.662,5.686,1.682,4,4,0
1970Q4,-0.167,4.662,5.600,1.751,4,4,0
1971Q1,2.697,4.662,4.812,2.101,4,4,0
1971Q2,3.106,4.662,4.314,2.492,4,4,0
1971Q3,3.005,4.662,4.270,2.628,4,4,0
1971Q4,4.366,4.662,3.535,2.698,4,4,1
1972Q1,3.473,4.487,3.506,2.790,4,4,0
1972Q2,5.251,4.417,3.226,2.931,2,2,1
1972Q3,5.378,4.417,3.030,3.108,1,1,1
1972Q4,6.892,4.417,3.333,3.128,2,2,1
1973Q1,7.561,4.487,4.113,3.249,2,2,0
1973Q2,6.320,4.662,5.609,3.303,2,2,0
1973Q3,4.771,4.888,6.836,3.420,4,2,1
1973Q4,4.024,4.865,8.419,3.521,4,4,0
1974Q1,0.639,4.638,9.915,3.552,4,4,0
1974Q2,-0.208,4.487,10.546,3.655,4,4,0
1974Q3,-0.629,4.417,11.458,3.927,4,4,0
1974Q4,-1.946,4.195,12.046,4.117,4,4,0
1975Q1,-2.300,3.934,11.135,4.195,4,4,0
1975Q2,-1.835,3.659,9.540,4.292,4,4,0
1975Q3,0.799,3.289,8.678,4.396,4,4,0
1975Q4,2.555,3.086,7.383,4.552,4,4,1
1976Q1,6.154,3.035,6.341,4.719,2,2,0
1976Q2,6.174,3.035,6.015,4.843,2,2,0
1976Q3,4.958,3.035,5.590,5.188,2,1,1
1976Q4,4.312,3.035,5.187,5.513,1,1,1
1977Q1,3.227,3.035,5.903,5.513,2,2,1
1977Q2,4.465,3.086,6.797,5.557,2,2,0
1977Q3,5.770,3.167,6.574,5.595,2,2,0
1977Q4,5.013,3.350,6.594,5.604,2,2,0
1978Q1,4.114,3.659,6.475,5.647,2,2,1
1978Q2,6.078,3.748,7.028,5.759,2,2,0
1978Q3,5.247,3.748,8.024,5.868,2,2,0
1978Q4,6.660,3.748,8.930,5.959,2,2,0
1979Q1,6.510,3.748,9.783,6.027,2,2,0
1979Q2,2.657,3.748,10.755,6.133,4,4,0
1979Q3,2.389,3.748,11.723,6.284,4,4,0
1979Q4,1.284,3.748,12.642,6.408,4,4,0
1980Q1,1.421,3.748,14.210,6.524,4,4,0
1980Q2,-0.775,3.748,14.426,6.584,4,4,0
1980Q3,-1.624,3.748,12.935,6.695,4,4,0
1980Q4,-0.039,3.748,12.538,6.816,4,4,0
1981Q1,1.600,3.748,11.261,6.932,4,4,0
1981Q2,2.969,3.748,9.874,7.206,4,4,0
1981Q3,4.326,3.748,10.853,7.704,2,2,0
1981Q4,1.300,4.069,9.583,8.221,4,4,0
1982Q1,-2.191,3.748,7.582,8.548,3,3,0
1982Q2,-1.011,3.625,6.907,8.548,3,3,0
1982Q3,-2.556,3.098,5.816,8.548,3,3,0
1982Q4,-1.443,2.813,4.444,8.548,3,3,0
1983Q1,1.431,2.606,3.594,8.548,3,3,0
1983Q2,3.268,2.472,3.300,8.548,1,1,0
1983Q3,5.737,2.472,2.526,8.548,1,1,0
1983Q4,7.900,2.472,3.233,8.548,1,1,0
1984Q1,8.578,2.472,4.626,8.351,1,1,0
1984Q2,7.997,2.606,4.405,7.803,1,1,0
1984Q3,6.901,2.813,4.296,7.482,1,1,0
1984Q4,5.576,3.098,4.154,7.206,1,1,0
1985Q1,4.555,3.248,3.641,6.968,1,1,0
1985Q2,3.684,3.691,3.607,6.852,3,1,1
1985Q3,4.262,3.899,3.352,6.695,1,1,1
1985Q4,4.182,4.188,3.514,6.584,3,1,1
1986Q1,4.146,4.222,3.105,6.524,3,1,1
1986Q2,3.702,4.164,1.679,6.524,3,1,1
1986Q3,3.119,4.130,1.668,6.524,3,3,0
1986Q4,2.907,3.908,1.346,6.524,3,3,0
1987Q1,2.712,3.693,2.038,6.524,3,3,0
1987Q2,3.354,3.693,3.699,6.524,3,1,1
1987Q3,3.262,3.519,4.163,6.146,3,3,1
1987Q4,4.475,3.311,4.406,5.221,1,1,0
1988Q1,4.241,3.311,3.965,4.535,1,1,1
1988Q2,4.484,3.311,3.980,4.425,1,1,1
1988Q3,4.193,3.311,4.142,4.405,1,1,1
1988Q4,3.799,3.311,4.306,4.350,1,1,1
1989Q1,4.315,3.311,4.675,4.301,2,1,1
1989Q2,3.748,3.311,5.160,4.301,2,1,1
1989Q3,3.908,3.519,4.706,4.301,2,1,1
1989Q4,2.743,3.693,4.627,4.301,4,3,1
1990Q1,2.821,3.693,5.233,4.301,4,3,0
1990Q2,2.413,3.693,4.583,4.301,4,3,1
1990Q3,1.727,3.693,5.564,4.301,4,4,0
1990Q4,0.603,3.693,6.276,4.301,4,4,0
1991Q1,-0.950,3.693,5.259,4.301,4,4,0
1991Q2,-0.539,3.693,4.847,4.301,4,4,0
1991Q3,-0.103,3.693,3.852,4.301,3,3,0
1991Q4,1.166,3.519,2.965,4.229,3,3,0
1992Q1,2.859,3.519,2.894,4.159,3,3,0
1992Q2,3.170,3.519,3.074,4.148,3,3,1
1992Q3,3.665,3.519,3.075,4.061,1,1,1
1992Q4,4.383,3.675,3.122,3.973,1,1,0
1993Q1,3.320,3.693,3.173,3.909,3,3,1
1993Q2,2.807,3.693,3.125,3.909,3,3,0
1993Q3,2.287,3.693,2.817,3.909,3,3,0
1993Q4,2.608,3.675,2.769,3.909,3,3,0
1994Q1,3.431,3.509,2.540,3.909,3,1,1
1994Q2,4.226,3.392,2.383,3.776,1,1,0
1994Q3,4.337,3.392,2.855,3.670,1,1,0
1994Q4,4.116,3.392,2.603,3.624,1,1,0
1995Q1,3.481,3.392,2.840,3.560,1,1,1
1995Q2,2.402,3.392,3.095,3.433,3,3,0
1995Q3,2.673,3.337,2.664,3.263,3,3,0
1995Q4,2.200,3.291,2.626,3.149,3,3,0
1996Q1,2.601,3.216,2.784,3.123,3,3,0
1996Q2,4.002,3.145,2.827,3.123,1,1,0
1996Q3,4.050,3.145,2.900,3.123,1,1,0
1996Q4,4.421,3.216,3.231,3.123,2,1,1
1997Q1,4.314,3.291,2.945,3.149,1,1,0
1997Q2,4.311,3.337,2.302,3.149,1,1,0
1997Q3,4.675,3.375,2.225,3.123,1,1,0
1997Q4,4.484,3.456,1.891,3.109,1,1,0
1998Q1,4.856,3.456,1.483,3.085,1,1,0
1998Q2,4.093,3.456,1.583,3.074,1,1,0
1998Q3,4.103,3.456,1.596,3.019,1,1,0
1998Q4,4.883,3.456,1.526,2.955,1,1,0
1999Q1,4.816,3.456,1.687,2.923,1,1,0
1999Q2,4.722,3.456,2.112,2.897,1,1,0
1999Q3,4.791,3.456,2.346,2.875,1,1,0
1999Q4,4.824,3.456,2.620,2.848,1,1,0
2000Q1,4.225,3.573,3.258,2.834,2,2,0
2000Q2,5.244,3.834,3.294,2.834,2,2,0
2000Q3,3.973,4.026,3.469,2.834,4,2,1
2000Q4,2.906,4.026,3.443,2.834,4,4,0
2001Q1,2.198,4.026,3.410,2.834,4,4,0
2001Q2,0.996,4.026,3.325,2.834,4,4,0
2001Q3,0.489,4.026,2.678,2.834,3,3,0
2001Q4,0.167,4.026,1.875,2.822,3,3,0
2002Q1,1.337,4.026,1.232,2.801,3,3,0
2002Q2,1.325,4.026,1.317,2.777,3,3,0
2002Q3,2.147,4.026,1.576,2.724,3,3,0
2002Q4,1.993,4.026,2.254,2.671,3,3,0
2003Q1,1.679,3.988,2.976,2.645,4,4,0
2003Q2,1.955,3.988,2.006,2.645,3,3,0
2003Q3,3.231,3.988,2.217,2.623,3,3,0
2003Q4,4.300,3.988,2.002,2.612,1,1,0
2004Q1,4.342,4.026,1.818,2.571,1,1,0
2004Q2,4.227,4.071,2.786,2.493,2,2,1
2004Q3,3.495,4.071,2.675,2.612,4,2,1
2004Q4,3.351,4.026,3.385,2.612,4,4,0
2005Q1,3.909,3.988,3.035,2.623,4,2,1
2005Q2,3.618,3.988,2.923,2.623,4,2,0
2005Q3,3.449,3.988,3.820,2.623,4,2,0
2005Q4,2.973,3.988,3.675,2.623,4,4,0
2006Q1,3.213,3.988,3.691,2.647,4,4,0
2006Q2,2.973,3.988,3.924,2.647,4,4,0
2006Q3,2.325,3.941,3.340,2.647,4,4,0
2006Q4,2.635,3.763,1.965,2.647,3,3,0
2007Q1,1.577,3.556,2.432,2.483,3,3,1
2007Q2,1.934,3.472,2.665,2.389,4,4,0
2007Q3,2.368,3.400,2.349,2.526,3,3,0
2007Q4,2.133,3.291,4.031,2.526,4,4,0
2008Q1,1.392,3.222,4.137,2.643,4,4,0
2008Q2,1.376,3.093,4.310,2.670,4,4,0
2008Q3,0.266,2.973,5.253,2.677,4,4,0
2008Q4,-2.541,2.939,1.596,2.732,3,3,0
2009Q1,-3.234,2.770,-0.184,2.732,3,3,0
2009Q2,-3.979,2.501,-0.942,2.732,3,3,0
2009Q3,-3.133,2.347,-1.607,2.732,3,3,0
2009Q4,0.106,2.261,1.488,2.732,3,3,0
2010Q1,1.745,2.172,2.353,2.732,3,3,0
2010Q2,2.914,2.140,1.775,2.677,1,1,0
2010Q3,3.344,2.140,1.203,2.670,1,1,0
2010Q4,2.776,2.140,1.230,2.548,1,1,0
2011Q1,2.038,2.140,2.148,2.392,3,1,1
2011Q2,1.744,2.086,3.346,2.351,4,4,1
2011Q3,0.943,2.086,3.716,2.351,4,4,0
2011Q4,1.543,2.086,3.345,2.351,4,4,0
2012Q1,2.638,2.086,2.829,2.392,2,2,0
2012Q2,2.403,2.140,1.888,2.548,1,1,1
2012Q3,2.574,2.236,1.685,2.548,1,1,1
2012Q4,1.552,2.347,1.904,2.548,3,3,0
2013Q1,1.701,2.347,1.740,2.548,3,3,0
2013Q2,1.520,2.347,1.415,2.392,3,3,0
2013Q3,2.237,2.347,1.505,2.392,3,1,1
2013Q4,3.009,2.281,1.207,2.392,1,1,0
2014Q1,1.651,2.281,1.430,2.392,3,3,0
2014Q2,2.689,2.185,2.080,2.392,1,1,0
2014Q3,3.060,2.185,1.791,2.351,1,1,0
2014Q4,2.686,2.185,1.164,2.249,1,1,0
2015Q1,3.969,2.185,-0.113,2.114,1,1,0
2015Q2,3.279,2.185,0.037,2.023,1,1,0
2015Q3,2.447,2.185,0.159,1.934,1,1,1
2015Q4,2.120,2.185,0.400,1.896,3,1,1
2016Q1,1.795,2.127,0.992,1.839,3,1,1
2016Q2,1.493,2.079,1.110,1.783,3,3,0
2016Q3,1.806,1.986,1.157,1.758,3,1,1
2016Q4,2.182,1.870,1.807,1.713,2,2,1
2017Q1,2.087,1.870,2.587,1.713,2,2,1
2017Q2,2.330,1.986,1.891,1.713,2,2,1
2017Q3,2.411,2.063,1.945,1.713,2,2,1
2017Q4,2.994,2.063,2.108,1.713,2,2,0
2018Q1,3.329,2.063,2.249,1.713,2,2,0
2018Q2,3.299,2.104,2.687,1.713,2,2,0
2018Q3,3.130,2.151,2.609,1.713,2,2,0
2018Q4,2.125,2.209,2.214,1.713,4,2,1
2019Q1,1.934,2.209,1.630,1.758,3,2,1
2019Q2,2.242,2.209,1.822,1.758,2,2,1
2019Q3,2.797,2.240,1.749,1.783,1,2,1
2019Q4,3.352,2.286,2.049,1.783,2,2,0
2020Q1,1.359,2.367,2.144,1.799,4,4,0
2020Q2,-7.399,2.367,0.409,1.799,3,3,0
2020Q3,-1.365,2.286,1.223,1.799,3,3,0
2020Q4,-0.922,2.240,1.242,1.799,3,3,0
2021Q1,1.801,2.209,1.903,1.799,4,4,1
2021Q2,12.386,2.209,4.783,1.799,2,2,0
2021Q3,5.151,2.240,5.250,1.799,2,2,0
2021Q4,5.756,2.286,6.771,1.799,2,2,0
2022Q1,4.035,2.367,8.024,1.799,2,2,0
2022Q2,2.454,2.367,8.585,1.799,2,2,1
2022Q3,2.349,2.371,8.292,1.799,4,4,1
2022Q4,1.317,2.340,7.092,1.815,4,4,0
2023Q1,2.311,2.340,5.730,1.815,4,4,1
2023Q2,2.793,2.340,4.044,1.856,2,2,1
2023Q3,3.233,2.380,3.566,1.897,2,2,0
2023Q4,3.391,2.429,3.233,1.924,2,2,0
2024Q1,2.863,2.429,3.244,1.997,2,2,1
2024Q2,3.127,2.451,3.192,2.064,2,2,0
2024Q3,2.791,2.451,2.658,2.078,2,1,1
2024Q4,2.400,2.451,2.723,2.126,4,3,1
2025Q1,2.019,2.429,2.724,2.179,4,3,1
2025Q2,2.080,2.405,2.461,2.231,4,3,1
2025Q3,2.335,2.374,2.901,2.355,4,3,1
2026Q1,2.685,2.342,2.704,2.524,2,1,1
2026Q2,2.102,2.374,3.803,2.598,4,4,1
